{
    "tsp": {
      "tbsp": 0.333333,
      "ml": 4.92892,
      "fl_oz": 0.166667,
      "cup": 0.0208333
    },
    "tbsp": {
      "tsp": 3,
      "ml": 14.7868,
      "fl_oz": 0.5,
      "cup": 0.0625
    },
    "fl_oz": {
      "tsp": 6,
      "tbsp": 2,
      "ml": 29.5735,
      "cup": 0.125,
      "pint": 0.0625,
      "quart": 0.03125,
      "gallon": 0.0078125
    },
    "cup": {
      "tsp": 48,
      "tbsp": 16,
      "fl_oz": 8,
      "ml": 236.588,
      "pint": 0.5,
      "quart": 0.25,
      "gallon": 0.0625,
      "liter": 0.236588
    },
    "pint": {
      "cup": 2,
      "fl_oz": 16,
      "quart": 0.5,
      "gallon": 0.125,
      "ml": 473.176,
      "liter": 0.473176
    },
    "quart": {
      "pint": 2,
      "cup": 4,
      "fl_oz": 32,
      "gallon": 0.25,
      "ml": 946.353,
      "liter": 0.946353
    },
    "gallon": {
      "quart": 4,
      "pint": 8,
      "cup": 16,
      "fl_oz": 128,
      "ml": 3785.41,
      "liter": 3.78541
    },
    "ml": {
      "tsp": 0.202884,
      "tbsp": 0.067628,
      "fl_oz": 0.033814,
      "cup": 0.00422675,
      "pint": 0.00211338,
      "quart": 0.00105669,
      "gallon": 0.000264172,
      "liter": 0.001
    },
    "liter": {
      "ml": 1000,
      "cup": 4.22675,
      "pint": 2.11338,
      "quart": 1.05669,
      "gallon": 0.264172
    },
    "g": {
      "kg": 0.001,
      "oz": 0.035274,
      "lb": 0.00220462
    },
    "kg": {
      "g": 1000,
      "oz": 35.274,
      "lb": 2.20462
    },
    "oz": {
      "g": 28.3495,
      "lb": 0.0625,
      "kg": 0.0283495
    },
    "lb": {
      "oz": 16,
      "g": 453.592,
      "kg": 0.453592
  }
}
